﻿Designator,Footprint,Quantity,Value,LCSC Part #
C1,1210,1,2.2uF,
"C10, C14, C17, C19, C21, C3, C35, C36, C4, C63, C64, C65, C66, C67, C68, C69, C70, C8",2220,18,470uF,
"C11, C16, C18, C20, C22, C48, C49, C50, C51, C52, C53, C6",0603,12,0.1uF,
"C12, C13, C30, C40, C44, C46, C7",0603,7,2.2µF,
C15,2225,1,22uf,
C2,0603,1,1uF,
"C23, C24",0402,2,4.7uF,
"C25, C34",CP_Elec_10x10.5,2,120uF,
"C26, C27, C28, C47, C54, C57",0805,6,4.7uF,
C29,0402,1,10uF,
"C31, C32, C33",0402,3,22nF,
"C39, C41, C55, C56",0603,4,2200pF,
C42,0603,1,0.022µF,
C43,0603,1,82pF,
C45,0603,1,270pF,
"C5, C9",0603,2,10pF,
C58,CP_EIA-6032-28_Kemet-C,1,68uF,
C71,0402,1,100nF,
D1,0603,1,LTST-C190KGKT,
D3,D_SOD-123F,1,D,
J1,Two-Hole,1,Screw_Terminal_01x02,
J10,Nine-Hole,1,Conn_01x04_Socket,
J2,HRO_TYPE-C-31-M-12,1,TYPE-C-31-M-12,
"J3, J8",Five-Hole,2,Conn_01x05_Socket,
"J5, J9",PinHeader_1x02_P2.54mm_Vertical,2,Conn_01x02_Pin,
J7,Three-Hole,1,Screw_Terminal_01x03,
L1,0805,1,6.8uH,
L2,L_Taiyo-Yuden_NR-60xx,1,22uH,
PS2,CONV_B0505XT-1WR3-TR,1,B0505XT-1WR3-TR,
"Q10, Q11, Q12, Q13, Q14, Q15, Q16, Q5, Q6, Q7, Q8, Q9",ONSemi_SO-8FL_488AA,12,~,
"R1, R7",0603,2,5.1k,
"R10, R4",0603,2,10k,
"R11, R13",0603,2,1k,
"R12, R22, R26",0603,3,18K,
"R14, R15, R16, R23",0603,4,3.3k,
"R2, R24, R25, R3",0603,4,22R,
"R27, R8",0603,2,47K,
R28,0603,1,220k,
"R29, R30, R6",0603,3,120R,
"R31, R32, R33, R34, R36, R37",0603,6,2.2R,
"R35, R38",2512,2,500uOhm,
"R39, R40",0402,2,22R,
R5,0603,1,11.3k,
R9,0603,1,40.2k,
"TP1, TP2, TP4, TP5",TestPoint_Pad_1.0x1.0mm,4,TESTPOINT,
U1,SOP-8_6.62x9.15mm_P2.54mm,1,ISO1050DUB,
U2,RDN0011A-MFG,1,TPSM365R6FRDNR,
U3,LQFP-64_10x10mm_P0.5mm,1,STM32F405RGTx,
U4,SOT-223,1,LDL1117S33R,
U5,SOT-23-5,1,LP5907MFX-3.3_NOPB,
U8,HTSSOP-56-1EP_6.1x14mm_P0.5mm_EP3.61x6.35mm,1,~,
U9,SOP65P640X120-14N,1,AS5047P-ATSM,
Y1,Crystal_SMD_5032-4Pin_5.0x3.2mm,1,ABM3B-8.000MHZ-10-1-U-T,
